{"upper_lim": 2.9057676592500004, "lower_lim": -1.34538510475}