{"upper_lim": 237.56324629249997, "lower_lim": -118.95382448749999}