{"upper_lim": 84.99048587812501, "lower_lim": -43.244171316875004}