{"upper_lim": 70.31241441825, "lower_lim": -33.68735572375}